text,emojis
Economic Inequality,"['âš–ï¸', 'ğŸ’¸', 'ğŸš¶â€â™‚ï¸', 'ğŸ¦']"
Wraith,"['ğŸ‘»', 'âš«', 'ğŸª¦', 'ğŸŒ«ï¸']"
Air Pollution,"['ğŸŒ«ï¸', 'ğŸ­', 'ğŸ˜·', 'ğŸŒ']"
Literature,"['ğŸ“š', 'âœï¸', 'ğŸ–‹ï¸', 'ğŸ“–']"
Graduation,"['ğŸ“', 'ğŸ“œ', 'ğŸ‰', 'ğŸ…']"
History,"['ğŸ“œ', 'ğŸ°', 'ğŸ—¿', 'ğŸ•°ï¸']"
Banshee,"['ğŸ‘»', 'ğŸ¤', 'ğŸ’¨', 'ğŸŒ«ï¸']"
Public Transportation,"['ğŸš‡', 'ğŸš', 'ğŸš²', 'ğŸŒ±']"
Confusion,"['ğŸ¤”', 'ğŸ˜•', 'â“', 'ğŸ’­', 'ğŸ¤·â€â™‚ï¸']"
Speaking,"['ğŸ—£ï¸', 'ğŸ’¬', 'ğŸ¤', 'ğŸ—¯ï¸']"
Poltergeist,"['ğŸ‘»', 'ğŸ“¦', 'ğŸ’¥', 'ğŸ•°ï¸']"
World War II History,"['ğŸª–', 'âœˆï¸', 'ğŸš¢', 'ğŸŒ']"
Human Rights,"['âœŠ', 'ğŸ¤', 'âš–ï¸', 'ğŸ•Šï¸']"
Electricity,"['âš¡', 'ğŸ’¡', 'ğŸ”Œ', 'ğŸ ']"
Giant Spider,"['ğŸ•·ï¸', 'ğŸ•¸ï¸', 'ğŸ‘€', 'âš”ï¸']"
Magic Potion,"['âš—ï¸', 'ğŸ§ª', 'âœ¨', 'ğŸ·']"
Curiosity,"['ğŸ¤”', 'ğŸ§', 'ğŸ”', 'â“', 'ğŸ“š']"
Ancient Greece,"['ğŸ›ï¸', 'ğŸº', 'âš–ï¸', 'ğŸŸï¸']"
Parental Love,"['ğŸ‘¨â€ğŸ‘©â€ğŸ‘§â€ğŸ‘¦', 'ğŸ¤±', 'ğŸ‘¶', 'â¤ï¸', 'ğŸ«‚']"
Pharaohs,"['ğŸ”º', 'ğŸº', 'ğŸ‘‘', 'ğŸ«']"
University,"['ğŸ“', 'ğŸ›ï¸', 'ğŸ“š', 'ğŸ‘©â€ğŸ“']"
Great Wall of China,"['ğŸ¯', 'ğŸ§±', 'ğŸï¸', 'ğŸ‰']"
Deforestation Rates in the Amazon,"['ğŸŒ³', 'ğŸª“', 'ğŸŒ', 'ğŸ‡§ğŸ‡·']"
Science Lab Safety Workshop,"['ğŸ”¬', 'ğŸ§ª', 'âš ï¸', 'ğŸ«']"
Physics,"['âš›ï¸', 'ğŸ§²', 'ğŸ“', 'ğŸ”­']"
Pet Boarding,"['ğŸ¨', 'ğŸ¾', 'ğŸ•']"
Embarrassment,"['ğŸ˜³', 'ğŸ™ˆ', 'ğŸ˜¶â€ğŸŒ«ï¸', 'ğŸ˜¬', 'ğŸ«¢']"
Respect,"['ğŸ™‡â€â™‚ï¸', 'ğŸ™', 'ğŸ–ï¸', 'ğŸ¤', 'ğŸ«¡']"
Guinea Pigs,"['ğŸ¹', 'ğŸ¥¬', 'ğŸ¡']"
Mobile Learning,"['ğŸ“±', 'ğŸ“', 'ğŸ§', 'â˜ï¸']"
Exam,"['ğŸ“', 'âœ…', 'â“', 'ğŸ•']"
Nostalgia,"['ğŸ•°ï¸', 'ğŸŒ…', 'ğŸ“¸', 'ğŸ˜Œ', 'ğŸ’­']"
World War I,"['âš”ï¸', 'ğŸª–', 'ğŸŸï¸', 'ğŸŒ']"
Online Learning,"['ğŸ’»', 'ğŸ§', 'ğŸŒ', 'ğŸ§‘â€ğŸ’»']"
Anxiety,"['ğŸ˜Ÿ', 'ğŸ«¤', 'ğŸ˜°', 'ğŸ’­', 'ğŸŒ€']"
Information Age,"['ğŸ’»', 'ğŸŒ', 'ğŸ“±', 'ğŸ¤–']"
Economy,"['ğŸŒ', 'ğŸ’°', 'ğŸ“ˆ', 'ğŸ“‰']"
Enchanted Sword,"['âš”ï¸', 'âœ¨', 'ğŸ‰', 'ğŸ”¥']"
Mermaids,"['ğŸ§œâ€â™€ï¸', 'ğŸŒŠ', 'ğŸ ', 'ğŸš']"
Renewable Energy Startups in India,"['ğŸŒ±', 'âš¡', 'ğŸ‡®ğŸ‡³', 'ğŸš€']"
Mummy,"['ğŸ§»', 'ğŸ§Ÿâ€â™‚ï¸', 'ğŸº', 'ğŸœï¸']"
Renaissance Artists,"['ğŸ¨', 'ğŸ›ï¸', 'âœï¸', 'ğŸ’¡']"
Amusement,"['ğŸ˜†', 'ğŸ˜‚', 'ğŸ¤£', 'ğŸ­', 'ğŸƒ']"
Slenderman,"['ğŸ§â€â™‚ï¸', 'ğŸ©', 'ğŸŒ²', 'ğŸ‘€']"
LGBTQ+ Rights,"['ğŸ³ï¸â€ğŸŒˆ', 'âœŠ', 'â¤ï¸', 'âš–ï¸']"
Reptiles,"['ğŸ¦', 'ğŸ', 'ğŸ¢']"
Cold War,"['â„ï¸', 'ğŸš€', 'ğŸ›°ï¸', 'ğŸ”’']"
School,"['ğŸ«', 'ğŸ“š', 'âœï¸', 'ğŸ§‘â€ğŸ«']"
Academic Excellence,"['ğŸ…', 'ğŸ“š', 'ğŸ‘', 'ğŸ‰']"
Greenhouse Gases,"['ğŸ­', 'ğŸŒ«ï¸', 'ğŸ§ª', 'â™»ï¸']"
Love,"['â¤ï¸', 'ğŸ’•', 'ğŸ˜', 'ğŸ’–', 'ğŸ«¶']"
Ancient Rome,"['ğŸŸï¸', 'ğŸ›ï¸', 'ğŸª–', 'ğŸ—¡ï¸']"
Supply & Demand,"['ğŸ“¦', 'ğŸ›’', 'ğŸ“ˆ', 'ğŸ“‰']"
Demon,"['ğŸ˜ˆ', 'ğŸ”¥', 'ğŸ‘¿', 'ğŸ©¸']"
Global Warming,"['ğŸŒ', 'â˜€ï¸', 'ğŸŒ¡ï¸', 'ğŸ”¥']"
Witch,"['ğŸ§™â€â™€ï¸', 'ğŸª„', 'ğŸ§¹', 'ğŸ•¯ï¸']"
Pet Shelters,"['ğŸ ', 'ğŸ¾', 'ğŸ•', 'ğŸ±']"
Basilisk,"['ğŸ', 'ğŸ‘€', 'ğŸ°', 'â—']"
Civil Rights Movement,"['âœŠ', 'ğŸ•Šï¸', 'âš–ï¸', 'ğŸš¶â€â™‚ï¸']"
Physical Education,"['ğŸƒâ€â™‚ï¸', 'ğŸ…', 'ğŸ¤¸â€â™€ï¸', 'âš½']"
Griffin,"['ğŸ¦…', 'ğŸ¦', 'ğŸ›¡ï¸', 'ğŸ°']"
Skeleton,"['â˜ ï¸', 'ğŸ’€', 'âš°ï¸', 'ğŸª¦']"
Loch Ness Monster,"['ğŸŒŠ', 'ğŸ¦•', 'ğŸ‰', 'ğŸ¾']"
Online Math Courses,"['ğŸ’»', 'â•', 'ğŸ”¢', 'ğŸ“']"
Peacefulness,"['ğŸ•Šï¸', 'ğŸŒ¸', 'âœ¨', 'ğŸŒ±', 'ğŸ›']"
Language Learning,"['ğŸ—£ï¸', 'ğŸ“–', 'ğŸŒ', 'âœï¸']"
Droughts,"['â˜€ï¸', 'ğŸŒ¾', 'ğŸ’§', 'ğŸœï¸']"
Explorers,"['ğŸ§­', 'ğŸš¢', 'ğŸŒ', 'ğŸ—ºï¸']"
Vertical Farming,"['ğŸŒ¾', 'ğŸ¢', 'ğŸ“ˆ', 'ğŸŒ±']"
Ancient History,"['ğŸº', 'ğŸ›ï¸', 'ğŸ—¿', 'â³']"
Envy,"['ğŸ˜¤', 'ğŸ‘ï¸', 'ğŸ', 'ğŸŸ¢', 'ğŸª']"
Inventors,"['ğŸ’¡', 'âš™ï¸', 'ğŸ”§', 'ğŸ“œ']"
World History,"['ğŸŒ', 'ğŸ“œ', 'ğŸ›ï¸', 'ğŸ—ºï¸']"
Medieval History,"['ğŸ°', 'âš”ï¸', 'ğŸ›¡ï¸', 'ğŸ‘‘']"
Indus Valley,"['ğŸï¸', 'ğŸ›•', 'ğŸº', 'ğŸŒŠ']"
Revenant,"['ğŸ§Ÿâ€â™‚ï¸', 'ğŸ‘€', 'ğŸ©¸', 'ğŸ”—']"
Birds,"['ğŸ¦œ', 'ğŸ¦', 'ğŸ£']"
Virtual Classroom,"['ğŸ–¥ï¸', 'ğŸ§‘â€ğŸ’»', 'ğŸ™ï¸', 'ğŸ«']"
Trust,"['ğŸ¤', 'â¤ï¸', 'ğŸ«±', 'ğŸ”', 'ğŸ«¶']"
European Colonization,"['ğŸš¢', 'ğŸ‡ªğŸ‡¸', 'ğŸ‡µğŸ‡¹', 'ğŸ‡¬ğŸ‡§']"
Diploma,"['ğŸ“œ', 'ğŸ…', 'ğŸ“', 'âœ…']"
Trade War,"['âš”ï¸', 'ğŸ›ƒ', 'ğŸ’¼', 'ğŸš¢']"
Backpack,"['ğŸ’', 'ğŸ“š', 'ğŸ“', 'ğŸ«']"
Space Race,"['ğŸš€', 'ğŸ›°ï¸', 'ğŸŒ•', 'ğŸ‡ºğŸ‡¸']"
Iron Age,"['âš”ï¸', 'ğŸ›¡ï¸', 'ğŸ”¨', 'ğŸº']"
Contempt,"['ğŸ˜', 'ğŸ˜’', 'ğŸ™„', 'ğŸ§', 'ğŸ«¤']"
Homework,"['ğŸ“', 'âœï¸', 'ğŸ“’', 'ğŸ•']"
Computer Science,"['ğŸ’»', 'ğŸ‘¨â€ğŸ’»', 'ğŸ–±ï¸', 'ğŸ§ ']"
Dog Walking,"['ğŸš¶â€â™‚ï¸', 'ğŸ•', 'ğŸŒ³']"
Honor Roll,"['ğŸ†', 'âœ…', 'ğŸ“', 'âœ¨']"
Revenge,"['ğŸ‘¿', 'ğŸ”¥', 'âš”ï¸', 'ğŸ˜ˆ', 'ğŸ§¨']"
Renaissance,"['ğŸ¨', 'âœï¸', 'ğŸ›ï¸', 'ğŸ’¡']"
Giant,"['ğŸ¦£', 'ğŸ‘£', 'ğŸ—¿', 'ğŸ§â€â™‚ï¸']"
Trade Routes,"['ğŸš¢', 'ğŸ«', 'ğŸ—ºï¸', 'ğŸ¦']"
Notebook,"['ğŸ“’', 'ğŸ““', 'âœï¸', 'ğŸ“']"
Mixed Feelings,"['ğŸ˜¬', 'ğŸ«¤', 'ğŸ¤¯', 'ğŸ¤·â€â™€ï¸', 'ğŸ’­']"
Silk Road,"['ğŸ«', 'ğŸœï¸', 'ğŸ›¤ï¸', 'ğŸï¸']"
Anger,"['ğŸ˜¡', 'ğŸ˜ ', 'ğŸ‘¿', 'ğŸ’¢', 'ğŸ”¥']"
Satisfaction,"['ğŸ˜‹', 'ğŸ‘', 'ğŸ˜Š', 'ğŸ¥°', 'ğŸŒˆ']"
Reading,"['ğŸ“–', 'ğŸ‘“', 'ğŸ§ ', 'ğŸª¶']"
Problem Solving,"['ğŸ§ ', 'ğŸ› ï¸', 'ğŸ’­', 'âœ…']"
Horses,"['ğŸ´', 'ğŸ‡', 'ğŸŒ¾']"
AI in Education,"['ğŸ¤–', 'ğŸ“', 'ğŸ§ ', 'ğŸ’¡']"
Bronze Age,"['ğŸª™', 'ğŸ—¡ï¸', 'ğŸ›¡ï¸', 'ğŸº']"
Sustainable Fashion,"['ğŸ‘š', 'â™»ï¸', 'ğŸŒ¿', 'ğŸ§µ']"
Carbon Emissions,"['ğŸ­', 'ğŸ’¨', 'ğŸŒ«ï¸', 'ğŸŒ']"
Dwarves,"['ğŸ§â€â™‚ï¸', 'â›ï¸', 'âš’ï¸', 'ğŸ»']"
Spaceflight,"['ğŸš€', 'ğŸŒŒ', 'ğŸŒ', 'ğŸ‘¨â€ğŸš€']"
Emperors & Empresses,"['ğŸ¯', 'ğŸ‘‘', 'ğŸ—¡ï¸', 'ğŸ‰']"
Gorgon,"['ğŸ', 'ğŸ‘©â€ğŸ¦°', 'ğŸ‘€', 'ğŸ—¿']"
Pet Food,"['ğŸ–', 'ğŸ¥©', 'ğŸŸ', 'ğŸ²']"
Frustration,"['ğŸ˜¤', 'ğŸ˜£', 'ğŸ˜‘', 'ğŸ¤¯', 'ğŸ§¨']"
Ancient Egypt,"['ğŸ«', 'ğŸº', 'ğŸœï¸', 'ğŸ”º']"
Group Project,"['ğŸ‘¥', 'ğŸ¤', 'ğŸ“š', 'ğŸ“']"
Timeline,"['ğŸ•°ï¸', 'â³', 'ğŸ“…', 'ğŸ“œ']"
Ancient Rome Architecture,"['ğŸ›ï¸', 'ğŸŸï¸', 'ğŸ—ï¸', 'ğŸ‡®ğŸ‡¹']"
Prehistoric Era,"['ğŸ¦£', 'ğŸ”¥', 'ğŸ—¿', 'ğŸª“']"
Hamsters,"['ğŸ¹', 'ğŸ§€', 'ğŸ ']"
Pet Clothing,"['ğŸ‘•', 'ğŸ¾', 'ğŸ§£']"
Revolutionary War,"['ğŸ‡ºğŸ‡¸', 'âš”ï¸', 'ğŸ–ï¸', 'ğŸ›ï¸']"
Pet Grooming,"['âœ‚ï¸', 'ğŸ›', 'ğŸ¾']"
Solar Energy Investments in Germany,"['â˜€ï¸', 'ğŸ”‹', 'ğŸ‡©ğŸ‡ª', 'ğŸ“ˆ']"
Calmness,"['ğŸ˜Œ', 'ğŸ§˜â€â™€ï¸', 'ğŸŒ¿', 'â˜ï¸', 'ğŸƒ']"
Vietnam War,"['ğŸŒ¿', 'âš”ï¸', 'ğŸš', 'ğŸ‡»ğŸ‡³']"
Ancient China,"['ğŸ¯', 'ğŸ‰', 'ğŸ§§', 'ğŸº']"
Sympathy,"['ğŸ¤²', 'ğŸ«‚', 'â¤ï¸', 'ğŸ•Šï¸', 'ğŸ™']"
Climate Crisis,"['ğŸŒªï¸', 'ğŸŒŠ', 'ğŸ”¥', 'ğŸš¨']"
Dogs,"['ğŸ¶', 'ğŸ¾', 'ğŸ¦´']"
Sustainable Development Education,"['ğŸŒ±', 'ğŸ“š', 'ğŸŒ', 'â™»ï¸']"
Pet Daycare,"['ğŸ«', 'ğŸ¶', 'ğŸ¾']"
Pet Therapy,"['â¤ï¸', 'ğŸ•', 'ğŸ§˜â€â™€ï¸']"
Ogre,"['ğŸ§Œ', 'ğŸª“', 'ğŸ‘¹', 'ğŸ–']"
Writing,"['âœï¸', 'ğŸ–‹ï¸', 'ğŸ““', 'ğŸ“']"
Troll,"['ğŸ§Œ', 'ğŸª“', 'ğŸ›¡ï¸', 'ğŸŒ‰']"
Recovery,"['ğŸš€', 'ğŸ“ˆ', 'ğŸŒ±', 'ğŸ’ª']"
Pet Accessories,"['ğŸ€', 'ğŸ¾', 'ğŸ›ï¸']"
Deforestation,"['ğŸŒ²', 'ğŸª“', 'ğŸ”¥', 'ğŸš«']"
Hurricanes,"['ğŸŒªï¸', 'ğŸŒŠ', 'ğŸŒ€', 'ğŸŒ§ï¸']"
Knowledge,"['ğŸ“š', 'ğŸ§ ', 'ğŸŒ', 'ğŸ“']"
Pet Ownership,"['ğŸ‘¤', 'ğŸ¾', 'ğŸ¡']"
Aztec Civilization,"['ğŸ—¿', 'ğŸŒ½', 'ğŸ', 'ğŸ¹']"
Wildfire Prevention Measures in Australia,"['ğŸ”¥', 'ğŸš’', 'ğŸ‡¦ğŸ‡º', 'ğŸŒ²']"
Excitement,"['ğŸ¤©', 'ğŸ˜ƒ', 'ğŸš€', 'ğŸ‰', 'ğŸ¥³']"
Surprise,"['ğŸ˜²', 'ğŸ˜¯', 'ğŸ¤¯', 'ğŸ‰', 'ğŸ«¢']"
Listening,"['ğŸ‘‚', 'ğŸ§', 'ğŸ“š', 'ğŸ“']"
Skeleton Warrior,"['â˜ ï¸', 'ğŸ—¡ï¸', 'ğŸ›¡ï¸', 'âš”ï¸']"
Exotic Pets,"['ğŸ¦', 'ğŸ', 'ğŸ¦œ']"
Pet Toys,"['ğŸ§¸', 'ğŸ€', 'ğŸ¾']"
Civil War,"['âš”ï¸', 'ğŸ´', 'ğŸ³ï¸', 'ğŸï¸']"
Wildfires,"['ğŸ”¥', 'ğŸŒ²', 'ğŸï¸', 'ğŸš’']"
Green Architecture,"['ğŸ¢', 'ğŸŒ¿', 'â˜€ï¸', 'â™»ï¸']"
"Taj Mahal, India","['ğŸ•Œ', 'ğŸ°', 'ğŸŒ¸', 'ğŸ‡®ğŸ‡³']"
Phoenix,"['ğŸ”¥', 'ğŸ¦', 'ğŸŒ…', 'â™»ï¸']"
Science,"['ğŸ”¬', 'âš—ï¸', 'ğŸ§ª', 'ğŸ§¬']"
Women's Suffrage,"['ğŸ‘©â€âš–ï¸', 'ğŸ—³ï¸', 'âœŠ', 'âš–ï¸']"
Climate Change,"['ğŸŒ', 'ğŸŒ¡ï¸', 'ğŸ”¥', 'ğŸ§Š']"
Pet Spa,"['ğŸ›€', 'ğŸ¾', 'ğŸ•¯ï¸']"
Exploration of the Americas,"['ğŸ§­', 'ğŸš¢', 'ğŸ‡ªğŸ‡¸', 'ğŸ—ºï¸']"
Ghost Haunting an Abandoned Castle,"['ğŸ‘»', 'ğŸ°', 'ğŸŒ«ï¸', 'ğŸ•¯ï¸']"
"Stonehenge, UK","['ğŸ—¿', 'ğŸŒ„', 'ğŸï¸', 'ğŸ‡¬ğŸ‡§']"
Spell Book,"['ğŸ“–', 'ğŸ”®', 'âœ¨', 'ğŸ•¯ï¸']"
Friendship,"['ğŸ¤—', 'ğŸ‘¯â€â™‚ï¸', 'ğŸ«‚', 'ğŸ’›', 'ğŸ¤']"
Werewolf Transformation Under Full Moon,"['ğŸº', 'ğŸŒ•', 'ğŸ‘€', 'ğŸ§›â€â™‚ï¸']"
Shame,"['ğŸ™ˆ', 'ğŸ˜³', 'ğŸ˜“', 'ğŸ«£', 'ğŸš«']"
Pet Treats,"['ğŸª', 'ğŸ¦´', 'ğŸ¾']"
Telephone,"['â˜ï¸', 'ğŸ—£ï¸', 'ğŸ“', 'ğŸ’¡']"
Kraken,"['ğŸ™', 'ğŸŒŠ', 'ğŸš¢', 'âš“']"
Vampire Attack,"['ğŸ§›â€â™‚ï¸', 'ğŸ©¸', 'ğŸŒ•', 'âš°ï¸']"
Vampire,"['ğŸ§›â€â™‚ï¸', 'ğŸ§›â€â™€ï¸', 'ğŸ©¸', 'ğŸ¦‡']"
Poverty,"['ğŸšï¸', 'ğŸ’¸', 'ğŸŒ', 'âš ï¸']"
Modern History,"['ğŸ™ï¸', 'ğŸš‚', 'ğŸ—½', 'âœˆï¸']"
Inca Empire,"['ğŸ”ï¸', 'ğŸŒ½', 'ğŸº', 'ğŸ¦™']"
Ferrets,"['ğŸ¦¦', 'ğŸ¾', 'ğŸ¡']"
Ice Storms,"['â„ï¸', 'ğŸŒ¨ï¸', 'ğŸ§Š', 'ğŸŒ¬ï¸']"
Pyramids of Egypt,"['ğŸ”º', 'ğŸœï¸', 'ğŸº', 'ğŸŒ']"
Crystal Ball,"['ğŸ”®', 'ğŸ‘ï¸', 'ğŸŒ•', 'âœ¨']"
Innovation,"['ğŸ’¡', 'ğŸš€', 'ğŸŒ', 'âš™ï¸']"
Scholarship,"['ğŸ’°', 'ğŸ“', 'ğŸ…', 'ğŸ“œ']"
Critical Thinking,"['ğŸ§ ', 'ğŸ’¡', 'ğŸ¤”', 'âš–ï¸']"
Pet Fostering,"['ğŸ‘¨â€ğŸ‘©â€ğŸ‘§â€ğŸ‘¦', 'ğŸ¾', 'ğŸ ']"
Cyclops,"['ğŸ‘ï¸', 'ğŸ§Œ', 'ğŸ—¿', 'ğŸ› ï¸']"
Presentation,"['ğŸ–¥ï¸', 'ğŸ“Š', 'ğŸ¤', 'ğŸ‘¨â€ğŸ«']"
Graduation,"['ğŸ“', 'ğŸ“œ', 'ğŸ¥³', 'ğŸ“¸']"
Graduation Ceremony 2024,"['ğŸ“', 'ğŸ‰', 'ğŸ“œ', 'ğŸ¥³']"
Music,"['ğŸµ', 'ğŸ¼', 'ğŸ¹', 'ğŸ§']"
Philosophers,"['ğŸ¤”', 'ğŸ“š', 'ğŸ›ï¸', 'ğŸ§ ']"
Encouragement,"['ğŸ‘', 'ğŸ’ª', 'ğŸ‘', 'ğŸŒŸ', 'âœ¨']"
Sadness,"['ğŸ˜¢', 'ğŸ˜', 'ğŸ˜”', 'ğŸ˜­', 'ğŸ’”']"
Guilt,"['ğŸ˜“', 'ğŸ˜¢', 'ğŸ™‡â€â™‚ï¸', 'ğŸ«¤', 'ğŸª']"
Recession,"['ğŸ“‰', 'âš ï¸', 'ğŸ’¸', 'ğŸšï¸']"
Climate Refugee Relocation Programs,"['ğŸš¶â€â™‚ï¸', 'ğŸšï¸', 'ğŸŒ', 'âœˆï¸']"
Steam Engine,"['ğŸš‚', 'âš™ï¸', 'ğŸ”¥', 'ğŸ­']"
Chupacabra,"['ğŸ', 'ğŸ¦‡', 'ğŸ‘¹', 'ğŸ©¸']"
Teaching,"['ğŸ‘©â€ğŸ«', 'ğŸ‘¨â€ğŸ«', 'âœï¸', 'ğŸ“–']"
Pet Breeding,"['ğŸ¾', 'ğŸ¶', 'ğŸ±', 'ğŸ‘¶']"
Geography,"['ğŸŒ', 'ğŸ—ºï¸', 'ğŸ§­', 'ğŸï¸']"
Pet Training,"['ğŸ…', 'ğŸ¾', 'ğŸ¾']"
Industrial Revolution,"['ğŸ­', 'ğŸš‚', 'âš™ï¸', 'ğŸ—ï¸']"
Printing Press,"['ğŸ–¨ï¸', 'ğŸ“œ', 'âœ’ï¸', 'ğŸ›ï¸']"
"Colosseum, Rome","['ğŸŸï¸', 'ğŸ—¡ï¸', 'ğŸ›ï¸', 'ğŸ‡®ğŸ‡¹']"
Corruption,"['ğŸ•µï¸â€â™‚ï¸', 'ğŸ’¼', 'ğŸ’¸', 'ğŸš¨']"
Abolition of Slavery,"['âœŠ', 'ğŸ”—', 'âš–ï¸', 'ğŸ¤']"
Extreme Weather,"['ğŸŒªï¸', 'ğŸŒŠ', 'â„ï¸', 'â˜€ï¸']"
Zombie Apocalypse,"['ğŸ§Ÿâ€â™‚ï¸', 'â˜ ï¸', 'ğŸ§ ', 'ğŸ”¥']"
Loneliness,"['ğŸ¥º', 'ğŸ˜', 'ğŸŒ§ï¸', 'ğŸ•Šï¸', 'ğŸ«¥']"
Turtles,"['ğŸ¢', 'ğŸŒŠ', 'ğŸï¸']"
Biology,"['ğŸ§¬', 'ğŸ§«', 'ğŸŒ±', 'ğŸ¸']"
Classroom,"['ğŸ«', 'ğŸ‘©â€ğŸ«', 'ğŸ‘¨â€ğŸ“', 'ğŸ“š']"
School Bus,"['ğŸšŒ', 'ğŸ«', 'ğŸ‘§', 'ğŸ‘¦']"
Collaboration,"['ğŸ¤', 'ğŸ‘¥', 'ğŸ’¬', 'ğŸ‘¨â€ğŸ‘©â€ğŸ‘¦']"
Environmental Migration,"['ğŸš¶â€â™‚ï¸', 'ğŸŒ', 'ğŸ§³', 'ğŸšï¸']"
Inflation,"['ğŸ’¸', 'ğŸ“ˆ', 'ğŸ”¥', 'ğŸ›’']"
Giant Snake,"['ğŸ', 'ğŸ‘ï¸', 'ğŸŒ²', 'ğŸ¾']"
E-learning,"['ğŸ’»', 'ğŸ§', 'ğŸ“±', 'ğŸŒ']"
Orc,"['ğŸ§Œ', 'âš”ï¸', 'ğŸª“', 'ğŸ‘¹']"
Awe,"['ğŸ¤©', 'ğŸŒŒ', 'ğŸŒŸ', 'âœ¨', 'ğŸ›']"
School Supplies,"['âœï¸', 'ğŸ“', 'ğŸ–ï¸', 'ğŸ““']"
History,"['ğŸ“œ', 'ğŸº', 'ğŸ›ï¸', 'ğŸ•°ï¸']"
Lich,"['â˜ ï¸', 'ğŸ§™â€â™‚ï¸', 'ğŸ“œ', 'ğŸ”®']"
Fish,"['ğŸ ', 'ğŸŸ', 'ğŸ¡']"
Pet Furniture,"['ğŸª‘', 'ğŸ›ï¸', 'ğŸ¾']"
Distance Learning,"['ğŸŒ', 'ğŸ“', 'ğŸ–¥ï¸', 'ğŸ ']"
Mothman,"['ğŸ¦‹', 'ğŸŒ‘', 'ğŸ‘ï¸', 'ğŸ‘¹']"
Floods,"['ğŸŒŠ', 'ğŸŒ§ï¸', 'ğŸ ', 'ğŸš¨']"
Pet Beds,"['ğŸ›ï¸', 'ğŸ¾', 'ğŸ’¤']"
Kings & Queens,"['ğŸ‘‘', 'ğŸ°', 'ğŸ’', 'ğŸ‘¸']"
Disappointment,"['ğŸ˜', 'ğŸ˜•', 'ğŸ™', 'ğŸ’­', 'âŒ']"
Art,"['ğŸ¨', 'ğŸ–Œï¸', 'ğŸ–¼ï¸', 'ğŸº']"
Pet Sitting,"['ğŸª‘', 'ğŸ¾', 'ğŸ ']"
Chemistry,"['âš—ï¸', 'ğŸ§ª', 'ğŸ§«', 'ğŸ”¬']"
Compassion,"['ğŸ¤²', 'â¤ï¸', 'ğŸ«¶', 'ğŸ¤—', 'ğŸŒ·']"
Debate,"['ğŸ™ï¸', 'âš–ï¸', 'ğŸ—£ï¸', 'ğŸ¤”']"
Education,"['ğŸ“', 'ğŸ«', 'ğŸ“š', 'âœï¸']"
Werewolf,"['ğŸº', 'ğŸŒ•', 'ğŸ§‘â€ğŸ¦°', 'ğŸ¾']"
Research,"['ğŸ”¬', 'ğŸ“„', 'ğŸ§ª', 'ğŸ“š']"
Shock,"['ğŸ˜±', 'ğŸ«£', 'ğŸ‘€', 'âš¡', 'ğŸ˜³']"
Hatred,"['ğŸ‘¿', 'ğŸ˜¡', 'ğŸ’¢', 'ğŸ”ª', 'ğŸ©¸']"
Crusades,"['âœï¸', 'âš”ï¸', 'ğŸ°', 'ğŸ•']"
Industrial Revolution and Urbanization,"['ğŸ­', 'ğŸš‚', 'ğŸ™ï¸', 'âš™ï¸']"
Mathematics,"['â—', 'â•', 'ğŸ”¢', 'ğŸ“']"
Dragon,"['ğŸ‰', 'ğŸ”¥', 'ğŸ²', 'ğŸ°']"
Economic Sanctions,"['ğŸš«', 'ğŸ’°', 'ğŸ›¢ï¸', 'ğŸ“¦']"
Empathy,"['ğŸ«‚', 'â¤ï¸', 'ğŸ™', 'ğŸ‘‚', 'ğŸ’¬']"
Airplane,"['âœˆï¸', 'ğŸ›©ï¸', 'ğŸŒ', 'ğŸš€']"
Economic Crisis,"['ğŸš¨', 'ğŸ“‰', 'ğŸ’¸', 'ğŸ¦']"
Deflation,"['ğŸ“‰', 'â„ï¸', 'ğŸ›’', 'ğŸ’°']"
"Statue of Liberty, USA","['ğŸ—½', 'ğŸ‡ºğŸ‡¸', 'ğŸŒŠ', 'ğŸ™ï¸']"
Gamification,"['ğŸ®', 'ğŸ†', 'ğŸ¯', 'âœ¨']"
University Entrance Exams Preparation,"['ğŸ“š', 'ğŸ“', 'ğŸ«', 'ğŸ¯']"
Gratitude,"['ğŸ™', 'ğŸ˜Š', 'ğŸŒ¸', 'ğŸ’', 'â¤ï¸']"
Rabbits,"['ğŸ°', 'ğŸ¥•', 'ğŸ¾']"
Creativity,"['ğŸ¨', 'âœ¨', 'ğŸ’¡', 'ğŸ–Œï¸']"
Jealousy,"['ğŸ˜’', 'ğŸ‘€', 'ğŸ§¿', 'ğŸ˜ ', 'ğŸ']"
Scientists,"['ğŸ”¬', 'ğŸ“š', 'âš—ï¸', 'ğŸ§ª']"
Zombie,"['ğŸ§Ÿâ€â™‚ï¸', 'ğŸ§Ÿâ€â™€ï¸', 'ğŸ§ ', 'â˜ ï¸']"
Middle Ages,"['ğŸ°', 'âš”ï¸', 'ğŸ›¡ï¸', 'ğŸ‘‘']"
Sea Monster Devouring a Ship,"['ğŸ™', 'ğŸš¢', 'ğŸŒŠ', 'âš“']"
Urban Gardening,"['ğŸŒ±', 'ğŸ™ï¸', 'ğŸŒ¿', 'ğŸ¥¬']"
Giant Bat,"['ğŸ¦‡', 'ğŸŒ‘', 'ğŸ‘€', 'ğŸ°']"
World War II,"['ğŸª–', 'âœˆï¸', 'ğŸš¢', 'ğŸŒ']"
Bike Sharing Programs,"['ğŸš²', 'â™»ï¸', 'ğŸŒ', 'ğŸ™ï¸']"
College,"['ğŸ“', 'ğŸ¢', 'ğŸ“š', 'ğŸ‘¨â€ğŸ“']"
Minotaur,"['ğŸ‚', 'ğŸ°', 'ğŸ”—', 'âš”ï¸']"
Romantic Love,"['â¤ï¸', 'ğŸ’•', 'ğŸ˜', 'ğŸ’', 'ğŸ’–']"
Organic Pet Food,"['ğŸŒ¿', 'ğŸ¥—', 'ğŸ–', 'ğŸ¾']"
Relief,"['ğŸ˜…', 'ğŸ§˜â€â™‚ï¸', 'ğŸ™', 'ğŸ’¦', 'ğŸµ']"
Compassion,"['ğŸ¤—', 'â¤ï¸', 'ğŸ•Šï¸', 'ğŸŒ¿', 'ğŸ«¶']"
Laboratory,"['ğŸ”¬', 'ğŸ§ª', 'ğŸ‘©â€ğŸ”¬', 'ğŸ§«']"
Swarm of Insects,"['ğŸ', 'ğŸœ', 'ğŸ•·ï¸', 'ğŸŒªï¸']"
Ancient Dragon Awakening,"['ğŸ‰', 'ğŸ”¥', 'ğŸ”ï¸', 'âš”ï¸']"
Mayan Civilization,"['ğŸŒ„', 'ğŸ—¿', 'ğŸ†', 'ğŸŒ½']"
Cursed Ring,"['ğŸ’', 'âš«', 'ğŸ”’', 'âŒ']"
Elves,"['ğŸ§â€â™‚ï¸', 'ğŸŒ²', 'ğŸ¹', 'âœ¨']"
Cats,"['ğŸ±', 'ğŸ¾', 'ğŸŸ']"
Bigfoot,"['ğŸ¦¶', 'ğŸŒ²', 'ğŸ¾', 'ğŸ‘£']"
Admiration,"['ğŸŒŸ', 'ğŸ‘', 'ğŸ¤©', 'â¤ï¸', 'ğŸ™Œ']"
Fairies,"['ğŸ§šâ€â™€ï¸', 'âœ¨', 'ğŸŒ¸', 'ğŸ¦‹']"
Fear,"['ğŸ˜¨', 'ğŸ˜±', 'ğŸ‘»', 'ğŸ«£', 'ğŸ§Ÿ']"
Hydra,"['ğŸ‰', 'ğŸ', 'ğŸ”¥', 'âš”ï¸']"
Pride,"['ğŸ˜', 'ğŸ†', 'ğŸ‘', 'ğŸ…', 'ğŸŒŸ']"
Space Race Between USA and USSR,"['ğŸš€', 'ğŸ›°ï¸', 'ğŸ‡ºğŸ‡¸', 'ğŸ‡·ğŸ‡º']"
Affection,"['ğŸ¤—', 'ğŸ˜˜', 'ğŸ’Œ', 'ğŸ«‚', 'ğŸ’']"
Demon Lord,"['ğŸ˜ˆ', 'ğŸ”¥', 'ğŸ‘‘', 'ğŸ›¡ï¸']"
Economic Growth,"['ğŸ“ˆ', 'ğŸ’¹', 'ğŸš€', 'ğŸŒ±']"
Age of Discovery,"['ğŸŒ', 'ğŸ§­', 'ğŸš¢', 'ğŸ—ºï¸']"
Optimism,"['â˜€ï¸', 'ğŸŒˆ', 'ğŸ˜„', 'âœ¨', 'ğŸ’«']"
Veterinary Services,"['ğŸ¥', 'ğŸ¾', 'ğŸ’‰']"
Heatwaves,"['â˜€ï¸', 'ğŸŒ¡ï¸', 'ğŸœï¸', 'ğŸš¨']"
Learning,"['ğŸ“–', 'ğŸ§ ', 'ğŸ’¡', 'âœï¸']"
Napoleonic Wars,"['ğŸ©', 'ğŸ´', 'âš”ï¸', 'ğŸ‡«ğŸ‡·']"
Study,"['ğŸ“š', 'âœï¸', 'ğŸ§ ', 'â˜•']"
Revolutionaries,"['âœŠ', 'âš”ï¸', 'ğŸ¤', 'ğŸ“œ']"
Pet Rescue,"['ğŸš‘', 'ğŸ¾', 'ğŸ•', 'ğŸˆ']"
"Eiffel Tower, France","['ğŸ—¼', 'ğŸ‡«ğŸ‡·', 'âœ¨', 'ğŸŒ™']"
Ghost,"['ğŸ‘»', 'ğŸ•¯ï¸', 'ğŸšï¸', 'ğŸŒ«ï¸']"
Happiness,"['ğŸ˜€', 'ğŸ˜„', 'ğŸ˜Š', 'ğŸ˜', 'ğŸ¥³']"
Pet Carriers,"['ğŸ’', 'ğŸš—', 'ğŸ¾']"
Indecision,"['ğŸ¤·â€â™‚ï¸', 'âš–ï¸', 'â”', 'ğŸ”„', 'ğŸ•°ï¸']"
"Machu Picchu, Peru","['ğŸ”ï¸', 'ğŸ¦™', 'ğŸï¸', 'ğŸº']"
Contentment,"['ğŸ˜Œ', 'â˜ï¸', 'ğŸŒ¿', 'ğŸ§˜â€â™‚ï¸', 'ğŸŒ¸']"
Pet Adoption,"['ğŸ¾', 'ğŸ ', 'â¤ï¸']"
Mesopotamia,"['ğŸŒ¾', 'ğŸï¸', 'ğŸº', 'ğŸ§±']"
Unemployment,"['ğŸ‘·â€â™‚ï¸âŒ', 'ğŸ“‰', 'ğŸšï¸']"
Joy,"['ğŸ˜„', 'ğŸ¥°', 'ğŸ‰', 'ğŸŒ', 'ğŸ’«']"
Smart Pet Collars,"['ğŸ“±', 'ğŸ¶', 'âŒš']"
Library,"['ğŸ“š', 'ğŸ›ï¸', 'ğŸ¤«', 'ğŸ•®']"
Goblin,"['ğŸ§Œ', 'ğŸ’°', 'ğŸª“', 'ğŸ—¡ï¸']"
Student,"['ğŸ‘¨â€ğŸ“', 'ğŸ‘©â€ğŸ“', 'ğŸ“š', 'ğŸ§ ']"
